"Data Provider","The Paleobiology Database"
"Data Source","The Paleobiology Database"
"Data License","Creative Commons CC-BY"
"License URL","http://creativecommons.org/licenses/by/4.0/"
"Documentation URL","http://paleobiodb.org/data1.2/occs/list_doc.html"
"Data URL","http://paleobiodb.org/data1.2/occs/list.csv?datainfo&rowcount&base_name=panthera&taxon_reso=species"
"Access Time","Fri 2017-02-03 19:34:31 GMT"
"Title","PBDB Data Service"
"Parameters:"
"","base_name","panthera"
"","idreso","species"
"","timerule","major"
"","taxon_status","all"
"Elapsed Time","0.0122"
"Records Found","291"
"Records Returned","291"
"Records:"
"occurrence_no","record_type","reid_no","flags","collection_no","identified_name","identified_rank","identified_no","difference","accepted_name","accepted_rank","accepted_no","early_interval","late_interval","max_ma","min_ma","reference_no"
"150060","occ","","","13293","Panthera pardus","species","72185","","Panthera pardus","species","104158","Middle Pleistocene","Late Pleistocene","0.781","0.0117","4412"
"150061","occ","","","13293","Panthera tigris","species","90651","","Panthera tigris","species","104157","Middle Pleistocene","Late Pleistocene","0.781","0.0117","4412"
"150891","occ","","","13456","Panthera cf. leo","species","49734","","Panthera leo","species","46521","Late Pleistocene","Holocene","0.126","0","6077"
"154618","occ","","","13738","Panthera tigris","species","90651","","Panthera tigris","species","104157","Holocene","","0.0117","0","6145"
"196214","occ","","","20166","Felis atrox","species","46509","recombined as","Panthera leo atrox","subspecies","46509","Irvingtonian","","1.8","0.3","3081"
"196737","occ","","","20283","Panthera atrox","species","49733","recombined as","Panthera leo atrox","subspecies","46509","Irvingtonian","","1.8","0.3","2607"
"196738","occ","","","20283","Panthera onca","species","49735","","Panthera onca","species","46524","Irvingtonian","","1.8","0.3","2607"
"196757","occ","9314","","20285","Panthera onca","species","49735","","Panthera onca","species","46524","Irvingtonian","","1.8","0.3","6294"
"196782","occ","","","20286","Panthera onca","species","49735","","Panthera onca","species","46524","Irvingtonian","","1.8","0.3","3491"
"196823","occ","9335","","20289","Panthera onca","species","49735","","Panthera onca","species","46524","Irvingtonian","","1.8","0.3","6294"
"196856","occ","","","20290","Panthera onca","species","49735","","Panthera onca","species","46524","Irvingtonian","","1.8","0.3","6221"
"196936","occ","","","20295","Panthera atrox","species","49733","recombined as","Panthera leo atrox","subspecies","46509","Irvingtonian","","1.8","0.3","1907"
"197047","occ","","","20302","Panthera atrox","species","49733","recombined as","Panthera leo atrox","subspecies","46509","Irvingtonian","","1.8","0.3","1725"
"197048","occ","","","20302","Panthera augusta","species","161738","subjective synonym of","Panthera onca","species","46524","Irvingtonian","","1.8","0.3","1725"
"197125","occ","","","20307","Panthera ? onca","species","49735","","Panthera onca","species","46524","Irvingtonian","","1.8","0.3","1558"
"197300","occ","9447","","20322","Panthera cf. onca","species","49735","","Panthera onca","species","46524","Blancan","","4.9","1.8","6294"
"197405","occ","","","20335","Panthera cf. onca","species","49735","","Panthera onca","species","46524","Irvingtonian","Rancholabrean","1.8","0.012","2018"
"197503","occ","","","20347","Felis atrox","species","46509","recombined as","Panthera leo atrox","subspecies","46509","Irvingtonian","","1.8","0.3","1916"
"197626","occ","","","20354","Panthera cf. onca","species","49735","","Panthera onca","species","46524","Irvingtonian","","1.8","0.3","1727"
"198118","occ","","","20415","Panthera onca","species","49735","","Panthera onca","species","46524","Irvingtonian","","1.8","0.3","2615"
"198525","occ","","","20479","Panthera onca","species","49735","","Panthera onca","species","46524","Irvingtonian","","1.8","0.3","3103"
"198614","occ","9729","","20491","Panthera onca","species","49735","","Panthera onca","species","46524","Rancholabrean","","0.3","0.012","6294"
"198687","occ","","","20499","Panthera cf. onca","species","49735","","Panthera onca","species","46524","Irvingtonian","","1.8","0.3","6221"
"198876","occ","","","20520","Felis onca","species","46524","recombined as","Panthera onca","species","46524","Irvingtonian","","1.8","0.3","3567"
"198877","occ","","","20520","Felis atrox","species","46509","recombined as","Panthera leo atrox","subspecies","46509","Irvingtonian","","1.8","0.3","3567"
"198977","occ","","","20533","Felis atrox","species","46509","recombined as","Panthera leo atrox","subspecies","46509","Irvingtonian","","1.8","0.3","1302"
"199212","occ","","","20569","Panthera atrox","species","49733","recombined as","Panthera leo atrox","subspecies","46509","Late Pleistocene","","0.126","0.0117","1936"
"199311","occ","9853","","20573","Panthera onca","species","49735","","Panthera onca","species","46524","Late Pleistocene","","0.126","0.0117","6294"
"199322","occ","","","20576","Panthera atrox","species","49733","recombined as","Panthera leo atrox","subspecies","46509","Late Pleistocene","","0.126","0.0117","1785"
"199416","occ","9864","","20593","Panthera onca","species","49735","","Panthera onca","species","46524","Late Pleistocene","","0.126","0.0117","6294"
"199496","occ","","","20600","Panthera onca","species","49735","","Panthera onca","species","46524","Late Pleistocene","","0.126","0.0117","2727"
"199590","occ","9883","","20608","Panthera onca","species","49735","","Panthera onca","species","46524","Late Pleistocene","","0.126","0.0117","6294"
"199645","occ","","","20615","Felis atrox","species","46509","recombined as","Panthera leo atrox","subspecies","46509","Late Pleistocene","","0.126","0.0117","1200"
"199887","occ","","","20639","Felis cf. atrox","species","46509","recombined as","Panthera leo atrox","subspecies","46509","Late Pleistocene","","0.126","0.0117","2588"
"199971","occ","9938","","20647","Panthera onca","species","49735","","Panthera onca","species","46524","Late Pleistocene","","0.126","0.0117","6294"
"212977","occ","","","21687","Panthera onca","species","49735","","Panthera onca","species","46524","Holocene","","0.0117","0","4787"
"213102","occ","","","21689","Panthera onca","species","49735","","Panthera onca","species","46524","Holocene","","0.0117","0","4790"
"213114","occ","","","21690","Panthera leo","species","49734","","Panthera leo","species","46521","Holocene","","0.0117","0","4792"
"213115","occ","","","21690","Panthera pardus","species","72185","","Panthera pardus","species","104158","Holocene","","0.0117","0","4792"
"213203","occ","","","21691","Panthera onca","species","49735","","Panthera onca","species","46524","Holocene","","0.0117","0","4796"
"213254","occ","","","21693","Panthera leo","species","49734","","Panthera leo","species","46521","Holocene","","0.0117","0","4805"
"213255","occ","","","21693","Panthera pardus","species","72185","","Panthera pardus","species","104158","Holocene","","0.0117","0","4805"
"213409","occ","","","21790","Leo cf. gombaszoegensis","species","56002","recombined as","Panthera gombaszoegensis","species","56002","Piacenzian","","3.6","2.588","4451"
"213428","occ","","","21798","Leo cf. gombaszoegensis","species","56002","recombined as","Panthera gombaszoegensis","species","56002","Piacenzian","","3.6","2.588","4451"
"213452","occ","","","21802","Leo cf. gombaszoegensis","species","56002","recombined as","Panthera gombaszoegensis","species","56002","Piacenzian","","3.6","2.588","4451"
"213465","occ","","","21806","Leo cf. gombaszoegensis","species","56002","recombined as","Panthera gombaszoegensis","species","56002","Piacenzian","","3.6","2.588","4451"
"213472","occ","","","21807","Leo cf. gombaszoegensis","species","56002","recombined as","Panthera gombaszoegensis","species","56002","Piacenzian","","3.6","2.588","4451"
"213492","occ","","","21811","Leo cf. gombaszoegensis","species","56002","recombined as","Panthera gombaszoegensis","species","56002","Piacenzian","","3.6","2.588","4451"
"213499","occ","","","21813","Leo cf. gombaszoegensis","species","56002","recombined as","Panthera gombaszoegensis","species","56002","Piacenzian","","3.6","2.588","4451"
"213517","occ","","","21830","Leo cf. gombaszoegensis","species","56002","recombined as","Panthera gombaszoegensis","species","56002","Zanclean","Piacenzian","5.333","2.588","4451"
"213593","occ","","","21856","Panthera leo","species","49734","","Panthera leo","species","46521","Pleistocene","Holocene","2.588","0","5211"
"213594","occ","","","21856","Panthera pardus","species","72185","","Panthera pardus","species","104158","Pleistocene","Holocene","2.588","0","5211"
"213627","occ","","","21857","Panthera pardus","species","72185","","Panthera pardus","species","104158","Pleistocene","Holocene","2.588","0","5212"
"213655","occ","","","21859","Panthera pardus","species","72185","","Panthera pardus","species","104158","Pleistocene","Holocene","2.588","0","5212"
"213827","occ","","","21893","Panthera pardus","species","72185","","Panthera pardus","species","104158","Middle Pleistocene","Late Pleistocene","0.781","0.0117","5226"
"213869","occ","","","21896","Panthera leo","species","49734","","Panthera leo","species","46521","Holocene","","0.0117","0","5227"
"214182","occ","","","21953","Panthera leo","species","49734","","Panthera leo","species","46521","Pleistocene","","2.588","0.0117","5252"
"214243","occ","","","21961","Felis pardus","species","104158","recombined as","Panthera pardus","species","104158","Calabrian","","1.806","0.781","5261"
"218268","occ","","","22272","Panthera leo","species","49734","","Panthera leo","species","46521","Pleistocene","","2.588","0.0117","5569"
"219117","occ","","","22489","Panthera leo","species","49734","","Panthera leo","species","46521","Pleistocene","","2.588","0.0117","5619"
"219118","occ","","","22489","Panthera pardus","species","72185","","Panthera pardus","species","104158","Pleistocene","","2.588","0.0117","5619"
"219554","occ","","","22553","Panthera pardus","species","72185","","Panthera pardus","species","104158","Gelasian","Calabrian","2.588","0.781","5636"
"219675","occ","","","22578","Panthera pardus","species","72185","","Panthera pardus","species","104158","Gelasian","Calabrian","2.588","0.781","5636"
"220523","occ","","","21894","Panthera leo","species","49734","","Panthera leo","species","46521","Holocene","","0.0117","0","5210"
"220673","occ","","","21912","Panthera pardus","species","72185","","Panthera pardus","species","104158","Holocene","","0.0117","0","5214"
"220709","occ","","","21916","Panthera pardus","species","72185","","Panthera pardus","species","104158","Pleistocene","","2.588","0.0117","5235"
"220762","occ","","","21918","Panthera pardus","species","72185","","Panthera pardus","species","104158","Holocene","","0.0117","0","5234"
"220802","occ","","","21931","Panthera leo","species","49734","","Panthera leo","species","46521","Pleistocene","","2.588","0.0117","5241"
"220803","occ","","","21931","Panthera pardus","species","72185","","Panthera pardus","species","104158","Pleistocene","","2.588","0.0117","5241"
"220830","occ","","","21940","Panthera pardus","species","72185","","Panthera pardus","species","104158","Holocene","","0.0117","0","5214"
"220845","occ","","","21943","Panthera pardus","species","72185","","Panthera pardus","species","104158","Holocene","","0.0117","0","5214"
"220898","occ","","","21948","Panthera pardus","species","72185","","Panthera pardus","species","104158","Pleistocene","Holocene","2.588","0","5246"
"220937","occ","","","21949","Panthera pardus","species","72185","","Panthera pardus","species","104158","Pleistocene","Holocene","2.588","0","5248"
"220974","occ","","","21950","Panthera leo","species","49734","","Panthera leo","species","46521","Pleistocene","Holocene","2.588","0","5249"
"221009","occ","","","21951","Panthera pardus","species","72185","","Panthera pardus","species","104158","Pleistocene","Holocene","2.588","0","5250"
"221049","occ","","","21954","Panthera leo","species","49734","","Panthera leo","species","46521","Pleistocene","","2.588","0.0117","5232"
"221322","occ","","","21276","Panthera leo","species","49734","","Panthera leo","species","46521","Middle Pleistocene","Late Pleistocene","0.781","0.0117","4430"
"221323","occ","","","21276","Panthera pardus","species","72185","","Panthera pardus","species","104158","Middle Pleistocene","Late Pleistocene","0.781","0.0117","4430"
"221356","occ","","","21277","Panthera leo","species","49734","","Panthera leo","species","46521","Middle Pleistocene","Late Pleistocene","0.781","0.0117","4430"
"222409","occ","","","21442","Panthera cf. leo","species","49734","","Panthera leo","species","46521","Pliocene","Pleistocene","5.333","0.0117","4760"
"222486","occ","","","21451","Panthera cf. leo","species","49734","","Panthera leo","species","46521","Pliocene","Pleistocene","5.333","0.0117","4469"
"224343","occ","","","21755","Panthera cf. pardus","species","72185","","Panthera pardus","species","104158","Pliocene","","5.333","2.588","4447"
"224497","occ","","","21791","Panthera leo","species","49734","","Panthera leo","species","46521","Pliocene","Calabrian","5.333","0.781","4867"
"224498","occ","","","21791","Panthera pardus","species","72185","","Panthera pardus","species","104158","Pliocene","Calabrian","5.333","0.781","4867"
"224947","occ","","","21821","Panthera pardus","species","72185","","Panthera pardus","species","104158","Pliocene","","5.333","2.588","4867"
"224976","occ","","","21822","cf. Panthera leo","species","49734","","Panthera leo","species","46521","Calabrian","","1.806","0.781","4867"
"224998","occ","","","21824","Panthera leo","species","49734","","Panthera leo","species","46521","Early Pleistocene","","2.588","0.781","4896"
"224999","occ","","","21824","Panthera pardus","species","72185","","Panthera pardus","species","104158","Early Pleistocene","","2.588","0.781","4896"
"225086","occ","","","21825","Panthera leo","species","49734","","Panthera leo","species","46521","Pleistocene","","2.588","0.0117","4892"
"225087","occ","","","21825","Panthera pardus","species","72185","","Panthera pardus","species","104158","Pleistocene","","2.588","0.0117","4892"
"225182","occ","","","21826","cf. Panthera pardus","species","72185","","Panthera pardus","species","104158","Pliocene","Pleistocene","5.333","0.0117","4868"
"225191","occ","","","21827","Panthera pardus","species","72185","","Panthera pardus","species","104158","Pliocene","","5.333","2.588","4895"
"225224","occ","","","21828","Panthera pardus","species","72185","","Panthera pardus","species","104158","Pleistocene","","2.588","0.0117","4888"
"225293","occ","","","21829","Panthera pardus","species","72185","","Panthera pardus","species","104158","Pleistocene","","2.588","0.0117","4895"
"225593","occ","","","21864","Panthera leo","species","49734","","Panthera leo","species","46521","Pleistocene","","2.588","0.0117","5217"
"225756","occ","","","21922","Panthera pardus","species","72185","","Panthera pardus","species","104158","Holocene","","0.0117","0","5236"
"225806","occ","","","21925","Panthera pardus","species","72185","","Panthera pardus","species","104158","Pleistocene","Holocene","2.588","0","5237"
"225848","occ","","","21929","Panthera leo","species","49734","","Panthera leo","species","46521","Pleistocene","","2.588","0.0117","5238"
"225849","occ","","","21929","Panthera pardus","species","72185","","Panthera pardus","species","104158","Pleistocene","","2.588","0.0117","5238"
"225910","occ","","","21933","Panthera pardus","species","72185","","Panthera pardus","species","104158","Holocene","","0.0117","0","5243"
"226064","occ","","","21956","Panthera leo","species","49734","","Panthera leo","species","46521","Pleistocene","","2.588","0.0117","5255"
"226065","occ","","","21956","Panthera pardus","species","72185","","Panthera pardus","species","104158","Pleistocene","","2.588","0.0117","5255"
"226112","occ","","","21957","Panthera leo","species","49734","","Panthera leo","species","46521","Pleistocene","Holocene","2.588","0","5237"
"226237","occ","","","21963","Panthera leo","species","49734","","Panthera leo","species","46521","Pleistocene","","2.588","0.0117","5266"
"226238","occ","","","21963","Panthera pardus","species","72185","","Panthera pardus","species","104158","Pleistocene","","2.588","0.0117","5266"
"226788","occ","","","22066","Panthera leo","species","49734","","Panthera leo","species","46521","Pleistocene","Holocene","2.588","0","5321"
"226862","occ","","","22068","Panthera leo","species","49734","","Panthera leo","species","46521","Pleistocene","Holocene","2.588","0","5320"
"227086","occ","","","22074","Panthera pardus","species","72185","","Panthera pardus","species","104158","Pleistocene","Holocene","2.588","0","5325"
"228016","occ","","","22329","Panthera pardus","species","72185","","Panthera pardus","species","104158","Pliocene","Pleistocene","5.333","0.0117","4884"
"228050","occ","","","22331","cf. Panthera pardus","species","72185","","Panthera pardus","species","104158","Pliocene","Pleistocene","5.333","0.0117","5600"
"228056","occ","","","22332","Panthera pardus","species","72185","","Panthera pardus","species","104158","Pliocene","Pleistocene","5.333","0.0117","5531"
"228089","occ","","","22334","Panthera leo","species","49734","","Panthera leo","species","46521","Pliocene","Pleistocene","5.333","0.0117","4885"
"228443","occ","","","22355","Panthera pardus","species","72185","","Panthera pardus","species","104158","Pliocene","","5.333","2.588","5512"
"228456","occ","","","22356","Panthera pardus","species","72185","","Panthera pardus","species","104158","Pliocene","","5.333","2.588","5537"
"228475","occ","","","22357","Panthera pardus","species","72185","","Panthera pardus","species","104158","Pliocene","","5.333","2.588","5538"
"339253","occ","","","32050","Panthera cf. pardus","species","72185","","Panthera pardus","species","104158","Pliocene","","5.333","2.588","4451"
"339331","occ","","","32052","Panthera pardus","species","72185","","Panthera pardus","species","104158","Late Pliocene","","3.6","2.588","5595"
"339560","occ","","","32062","Panthera pardus","species","72185","","Panthera pardus","species","104158","Middle Pleistocene","Late Pleistocene","0.781","0.0117","8611"
"340126","occ","","","32082","Panthera pardus","species","72185","","Panthera pardus","species","104158","Middle Pleistocene","Late Pleistocene","0.781","0.0117","8611"
"340549","occ","","","32119","Panthera leo","species","49734","","Panthera leo","species","46521","Late Pleistocene","","0.126","0.0117","8626"
"340568","occ","","","32124","Panthera leo","species","49734","","Panthera leo","species","46521","Late Pleistocene","","0.126","0.0117","8626"
"358558","occ","","","34104","Panthera gombaszoegensis","species","56003","","Panthera gombaszoegensis","species","56002","Pleistocene","","2.588","0.0117","8649"
"360255","occ","","","34127","Panthera leo","species","49734","","Panthera leo","species","46521","Pleistocene","","2.588","0.0117","8650"
"360256","occ","","","34127","Panthera gombaszoegensis","species","56003","","Panthera gombaszoegensis","species","56002","Pleistocene","","2.588","0.0117","8650"
"361898","occ","","","34287","Panthera leo","species","49734","","Panthera leo","species","46521","Pleistocene","","2.588","0.0117","9013"
"362202","occ","","","34330","Panthera leo","species","49734","","Panthera leo","species","46521","Middle Pleistocene","","0.781","0.126","9013"
"365337","occ","","","34617","Panthera gombaszoegensis","species","56003","","Panthera gombaszoegensis","species","56002","Villanyian","Pleistocene","3.2","0.0117","9135"
"367691","occ","","","34782","Panthera gombaszoegensis","species","56003","","Panthera gombaszoegensis","species","56002","Early Pleistocene","","2.588","0.781","9135"
"367965","occ","","","34808","Panthera gombaszoegensis","species","56003","","Panthera gombaszoegensis","species","56002","Early Pleistocene","Middle Pleistocene","2.588","0.126","9135"
"367969","occ","","","34809","Panthera leo","species","49734","","Panthera leo","species","46521","Pleistocene","","2.588","0.0117","9135"
"369048","occ","","","34911","Panthera gombaszoegensis","species","56003","","Panthera gombaszoegensis","species","56002","Early Pleistocene","","2.588","0.781","9372"
"369097","occ","","","34916","Panthera gombaszoegensis","species","56003","","Panthera gombaszoegensis","species","56002","Early Pleistocene","","2.588","0.781","9345"
"369173","occ","","","34920","Panthera gombaszoegensis","species","56003","","Panthera gombaszoegensis","species","56002","Pleistocene","","2.588","0.0117","9345"
"369195","occ","","","34925","Panthera ? gombaszoegensis","species","56003","","Panthera gombaszoegensis","species","56002","Middle Pleistocene","","0.781","0.126","9345"
"369202","occ","","","34926","Panthera leo","species","49734","","Panthera leo","species","46521","Middle Pleistocene","","0.781","0.126","9345"
"369227","occ","","","34927","Panthera leo","species","49734","","Panthera leo","species","46521","Middle Pleistocene","","0.781","0.126","9345"
"369787","occ","","","34940","Panthera leo","species","49734","","Panthera leo","species","46521","Pleistocene","","2.588","0.0117","9383"
"370532","occ","","","35078","Panthera gombaszoegensis","species","56003","","Panthera gombaszoegensis","species","56002","Early Pleistocene","Middle Pleistocene","2.588","0.126","9469"
"374176","occ","10404","","35369","Panthera cf. gombaszoegensis","species","56003","","Panthera gombaszoegensis","species","56002","Villanyian","","3.2","2.588","9580"
"375637","occ","10405","","35457","Panthera gombaszoegensis","species","56003","","Panthera gombaszoegensis","species","56002","Early Pleistocene","","2.588","0.781","9580"
"376000","occ","10410","","35472","Panthera cf. gombaszoegensis","species","56003","","Panthera gombaszoegensis","species","56002","Middle Pleistocene","","0.781","0.126","9580"
"376096","occ","10411","","35476","Panthera gombaszoegensis","species","56003","","Panthera gombaszoegensis","species","56002","Middle Pleistocene","","0.781","0.126","9580"
"380830","occ","","","36134","Felis cf. pardus","species","104158","recombined as","Panthera pardus","species","104158","Middle Pleistocene","","0.781","0.126","9695"
"381191","occ","","","36206","Panthera cf. pardus","species","72185","","Panthera pardus","species","104158","Middle Pleistocene","","0.781","0.126","9643"
"381232","occ","","","22728","Panthera cf. gombaszoegensis","species","56003","","Panthera gombaszoegensis","species","56002","Pleistocene","","2.588","0.0117","9643"
"381400","occ","","","36214","Panthera gombaszoegensis","species","56003","","Panthera gombaszoegensis","species","56002","Middle Pleistocene","","0.781","0.126","9643"
"381401","occ","","","36214","Panthera pardus","species","72185","","Panthera pardus","species","104158","Middle Pleistocene","","0.781","0.126","9643"
"382555","occ","12462","","36373","Panthera pardus","species","72185","","Panthera pardus","species","104158","Pleistocene","","2.588","0.0117","7009"
"384484","occ","","","36585","Panthera pardus","species","72185","","Panthera pardus","species","104158","Pleistocene","","2.588","0.0117","9810"
"384485","occ","","","36585","Panthera tigris","species","90651","","Panthera tigris","species","104157","Pleistocene","","2.588","0.0117","9810"
"385582","occ","","","36729","Panthera pardus","species","72185","","Panthera pardus","species","104158","Late Pleistocene","","0.126","0.0117","9836"
"385596","occ","","","36730","Panthera pardus","species","72185","","Panthera pardus","species","104158","Late Pleistocene","","0.126","0.0117","9836"
"387467","occ","","","37024","Panthera gombaszoegensis","species","56003","","Panthera gombaszoegensis","species","56002","Pleistocene","","2.588","0.0117","9913"
"388992","occ","","","37203","Panthera tigris","species","90651","","Panthera tigris","species","104157","Pleistocene","","2.588","0.0117","9974"
"398264","occ","","","13066","Panthera onca","species","49735","","Panthera onca","species","46524","Pleistocene","","2.588","0.0117","10274"
"407966","occ","","","11803","Panthera pardus","species","72185","","Panthera pardus","species","104158","Late Pleistocene","","0.126","0.0117","10604"
"407999","occ","","","39252","Panthera cf. pardus","species","72185","","Panthera pardus","species","104158","Pleistocene","","2.588","0.0117","10604"
"408445","occ","","","39314","Panthera aff. pardus","species","72185","","Panthera pardus","species","104158","Pleistocene","","2.588","0.0117","10617"
"416072","occ","","","40341","Panthera pardus","species","72185","","Panthera pardus","species","104158","Middle Pleistocene","","0.781","0.126","10880"
"416652","occ","10828","","40398","Panthera gombaszoegensis","species","56003","","Panthera gombaszoegensis","species","56002","Pleistocene","","2.588","0.0117","9147"
"417603","occ","10829","","40502","Panthera cf. gombaszoegensis","species","56003","","Panthera gombaszoegensis","species","56002","Pleistocene","","2.588","0.0117","9147"
"420019","occ","11064","","40808","Panthera cf. gombaszoegensis","species","56003","","Panthera gombaszoegensis","species","56002","Middle Pleistocene","","0.781","0.126","9147"
"439015","occ","","","42866","Panthera pardus","species","72185","","Panthera pardus","species","104158","Middle Pleistocene","","0.781","0.126","11378"
"439016","occ","","","42866","Panthera leo","species","49734","","Panthera leo","species","46521","Middle Pleistocene","","0.781","0.126","11378"
"439175","occ","","","42867","Panthera gombaszoegensis","species","56003","","Panthera gombaszoegensis","species","56002","Early Pleistocene","","2.588","0.781","11380"
"440021","occ","","","43008","Panthera leo","species","49734","","Panthera leo","species","46521","Middle Pleistocene","","0.781","0.126","11397"
"440022","occ","","","43008","Panthera pardus ?","species","72185","","Panthera pardus","species","104158","Middle Pleistocene","","0.781","0.126","11397"
"440123","occ","","","43016","Felis tigris ?","species","104157","recombined as","Panthera tigris","species","104157","Middle Pleistocene","","0.781","0.126","11400"
"440124","occ","11234","","43016","Panthera pardus","species","72185","","Panthera pardus","species","104158","Middle Pleistocene","","0.781","0.126","11400"
"442545","occ","","","43617","Panthera gombaszoegensis","species","56003","","Panthera gombaszoegensis","species","56002","Middle Pleistocene","Late Pleistocene","0.781","0.0117","11457"
"442553","occ","","","43618","Panthera leo","species","49734","","Panthera leo","species","46521","Middle Pleistocene","Late Pleistocene","0.781","0.0117","11457"
"442632","occ","","","43629","Panthera leo","species","49734","","Panthera leo","species","46521","Late Pleistocene","","0.126","0.0117","11457"
"442678","occ","","","43631","Panthera leo","species","49734","","Panthera leo","species","46521","Late Pleistocene","","0.126","0.0117","11457"
"442679","occ","","","43631","Panthera pardus","species","72185","","Panthera pardus","species","104158","Late Pleistocene","","0.126","0.0117","11457"
"443154","occ","11427","","43649","Panthera leo","species","49734","","Panthera leo","species","46521","Middle Pleistocene","","0.781","0.126","11465"
"443155","occ","","","43649","Panthera pardus","species","72185","","Panthera pardus","species","104158","Middle Pleistocene","","0.781","0.126","11465"
"443181","occ","11431","","43650","Panthera pardus","species","72185","","Panthera pardus","species","104158","Middle Pleistocene","","0.781","0.126","11465"
"443191","occ","","","43651","Panthera leo","species","49734","","Panthera leo","species","46521","Middle Pleistocene","","0.781","0.126","11465"
"443192","occ","11434","","43651","Panthera pardus","species","72185","","Panthera pardus","species","104158","Middle Pleistocene","","0.781","0.126","11465"
"443246","occ","","","43653","Panthera leo","species","49734","","Panthera leo","species","46521","Middle Pleistocene","","0.781","0.126","11465"
"443256","occ","11444","","43654","Panthera leo","species","49734","","Panthera leo","species","46521","Middle Pleistocene","","0.781","0.126","11465"
"443326","occ","","","43656","Panthera leo","species","49734","","Panthera leo","species","46521","Pleistocene","","2.588","0.0117","11465"
"443327","occ","","","43656","Panthera cf. pardus","species","72185","","Panthera pardus","species","104158","Pleistocene","","2.588","0.0117","11465"
"443404","occ","11465","","43664","Panthera leo","species","49734","","Panthera leo","species","46521","Middle Pleistocene","","0.781","0.126","11465"
"443405","occ","11466","","43664","Panthera pardus","species","72185","","Panthera pardus","species","104158","Middle Pleistocene","","0.781","0.126","11465"
"443690","occ","11506","","43699","Panthera leo","species","49734","","Panthera leo","species","46521","Middle Pleistocene","","0.781","0.126","11465"
"443737","occ","11511","","43702","Panthera leo","species","49734","","Panthera leo","species","46521","Middle Pleistocene","Late Pleistocene","0.781","0.0117","11465"
"447694","occ","","","44091","Panthera cf. leo","species","49734","","Panthera leo","species","46521","Pleistocene","","2.588","0.0117","11575"
"457431","occ","","","43020","Panthera pardus","species","72185","","Panthera pardus","species","104158","Early Pleistocene","","2.588","0.781","11725"
"487204","occ","","","48858","Panthera cf. gombaszoegensis","species","56003","","Panthera gombaszoegensis","species","56002","Pleistocene","","2.588","0.0117","13025"
"487321","occ","12403","","48889","Panthera gombaszoegensis","species","56003","","Panthera gombaszoegensis","species","56002","Middle Pleistocene","","0.781","0.126","13052"
"487399","occ","12412","","48908","Panthera gombaszoegensis","species","56003","","Panthera gombaszoegensis","species","56002","Middle Pleistocene","","0.781","0.126","9580"
"487407","occ","12413","","48910","Panthera gombaszoegensis","species","56003","","Panthera gombaszoegensis","species","56002","Middle Pleistocene","","0.781","0.126","9580"
"493157","occ","","","49814","Panthera leo","species","49734","","Panthera leo","species","46521","Middle Pleistocene","","0.781","0.126","13378"
"493213","occ","","","49816","Panthera cf. gombaszoegensis","species","56003","","Panthera gombaszoegensis","species","56002","Middle Pleistocene","","0.781","0.126","13380"
"497025","occ","","","50196","Panthera leo","species","49734","","Panthera leo","species","46521","Middle Pleistocene","","0.781","0.126","9643"
"497026","occ","","","50196","Panthera gombaszoegensis","species","56003","","Panthera gombaszoegensis","species","56002","Middle Pleistocene","","0.781","0.126","9643"
"497124","occ","","","50199","Panthera pardus","species","72185","","Panthera pardus","species","104158","Middle Pleistocene","","0.781","0.126","9643"
"497125","occ","","","50199","Panthera leo","species","49734","","Panthera leo","species","46521","Middle Pleistocene","","0.781","0.126","9643"
"497511","occ","","","50249","Panthera leo","species","49734","","Panthera leo","species","46521","Middle Pleistocene","","0.781","0.126","9643"
"497640","occ","","","50258","Panthera pardus","species","72185","","Panthera pardus","species","104158","Middle Pleistocene","","0.781","0.126","9643"
"497683","occ","","","50259","Panthera leo","species","49734","","Panthera leo","species","46521","Middle Pleistocene","","0.781","0.126","9643"
"498825","occ","13077","","50342","Panthera leo","species","49734","","Panthera leo","species","46521","Early Pleistocene","","2.588","0.781","13519"
"498839","occ","","","50342","Panthera gombaszoegensis","species","56003","","Panthera gombaszoegensis","species","56002","Early Pleistocene","","2.588","0.781","13519"
"498840","occ","","","50342","Panthera pardus","species","72185","","Panthera pardus","species","104158","Early Pleistocene","","2.588","0.781","13519"
"502570","occ","","","51100","Panthera cf. tigris","species","90651","","Panthera tigris","species","104157","Middle Pleistocene","","0.781","0.126","13623"
"502571","occ","","","51100","Panthera pardus","species","72185","","Panthera pardus","species","104158","Middle Pleistocene","","0.781","0.126","13623"
"536652","occ","","","55533","Panthera pardus","species","72185","","Panthera pardus","species","104158","Holocene","","0.0117","0","14999"
"562956","occ","","","58809","Panthera cf. gombaszoegensis","species","56003","","Panthera gombaszoegensis","species","56002","Pliocene","Pleistocene","5.333","0.0117","16685"
"583584","occ","","","21695","Panthera leo","species","49734","","Panthera leo","species","46521","Pleistocene","","2.588","0.0117","17685"
"583585","occ","","","21695","Panthera pardus","species","72185","","Panthera pardus","species","104158","Pleistocene","","2.588","0.0117","17685"
"610355","occ","","","65405","Felis onca","species","46524","recombined as","Panthera onca","species","46524","Pleistocene","","2.588","0.0117","18853"
"627311","occ","","","67660","Panthera leo","species","49734","","Panthera leo","species","46521","Middle Pleistocene","","0.781","0.126","19319"
"645538","occ","","","69723","cf. Panthera pardus","species","72185","","Panthera pardus","species","104158","Early Pleistocene","","2.588","0.781","23392"
"654807","occ","","","70673","Panthera onca","species","49735","","Panthera onca","species","46524","Early Pleistocene","","2.588","0.781","19694"
"654896","occ","","","70704","Panthera onca","species","49735","","Panthera onca","species","46524","Middle Pleistocene","","0.781","0.126","19694"
"658995","occ","","","71060","Panthera cf. tigris","species","90651","","Panthera tigris","species","104157","Early Pleistocene","","2.588","0.781","23807"
"661595","occ","","","71277","Felis atrox","species","46509","recombined as","Panthera leo atrox","subspecies","46509","Late Pleistocene","","0.126","0.0117","23923"
"661809","occ","","","71303","Panthera onca","species","49735","","Panthera onca","species","46524","Lujanian","","0.781","0.012","24010"
"662003","occ","","","71322","Panthera onca","species","49735","","Panthera onca","species","46524","Ensenadan","","1.2","0.781","23916"
"662147","occ","","","71335","Panthera cf. onca","species","49735","","Panthera onca","species","46524","Late Pleistocene","","0.126","0.0117","24109"
"662224","occ","","","71345","Felis atrox","species","46509","recombined as","Panthera leo atrox","subspecies","46509","Late Pleistocene","","0.126","0.0117","24078"
"662225","occ","","","71345","Panthera onca","species","49735","","Panthera onca","species","46524","Late Pleistocene","","0.126","0.0117","24078"
"662252","occ","21914","","71346","Panthera atrox","species","49733","recombined as","Panthera leo atrox","subspecies","46509","Late Pleistocene","","0.126","0.0117","2195"
"664465","occ","","","71587","Panthera onca","species","49735","","Panthera onca","species","46524","Pleistocene","","2.588","0.0117","19694"
"683547","occ","","","73686","Panthera tigris","species","90651","","Panthera tigris","species","104157","Late Pleistocene","","0.126","0.0117","24700"
"685624","occ","","","71341","Panthera onca","species","49735","","Panthera onca","species","46524","Late Pleistocene","","0.126","0.0117","24751"
"689847","occ","","","74143","Felis atrox","species","46509","recombined as","Panthera leo atrox","subspecies","46509","Pleistocene","","2.588","0.0117","24886"
"699345","occ","","","56733","Panthera gombaszoegensis","species","56003","","Panthera gombaszoegensis","species","56002","Early Pleistocene","","2.588","0.781","25340"
"709956","occ","","","76059","Panthera onca","species","49735","","Panthera onca","species","46524","Late Pleistocene","","0.126","0.0117","25748"
"740984","occ","","","79683","Panthera onca","species","49735","","Panthera onca","species","46524","Late Pleistocene","","0.126","0.0117","26776"
"747555","occ","","","79757","Panthera atrox","species","49733","recombined as","Panthera leo atrox","subspecies","46509","Rancholabrean","","0.3","0.012","26822"
"747556","occ","","","79757","Panthera onca","species","49735","","Panthera onca","species","46524","Rancholabrean","","0.3","0.012","26822"
"781493","occ","","","84183","Panthera onca","species","49735","","Panthera onca","species","46524","Pleistocene","","2.588","0.0117","28175"
"798180","occ","","","86852","Panthera onca","species","49735","","Panthera onca","species","46524","Pleistocene","","2.588","0.0117","29235"
"819176","occ","","","90036","Panthera pardus","species","72185","","Panthera pardus","species","104158","Late Pleistocene","","0.126","0.0117","30172"
"823726","occ","","","90752","Felis onca","species","46524","recombined as","Panthera onca","species","46524","Pleistocene","","2.588","0.0117","30545"
"823727","occ","","","90753","Felis onca","species","46524","recombined as","Panthera onca","species","46524","Pleistocene","","2.588","0.0117","30545"
"823728","occ","","","90754","Felis onca","species","46524","recombined as","Panthera onca","species","46524","Pleistocene","","2.588","0.0117","30545"
"836047","occ","","","92787","Panthera tigris","species","90651","","Panthera tigris","species","104157","Late Pleistocene","","0.126","0.0117","31309"
"839971","occ","","","93181","Panthera atrox","species","49733","recombined as","Panthera leo atrox","subspecies","46509","Late Pleistocene","","0.126","0.0117","31486"
"841151","occ","","","93244","Felis atrox","species","46509","recombined as","Panthera leo atrox","subspecies","46509","Late Pleistocene","","0.126","0.0117","31520"
"841232","occ","","","93252","Panthera onca","species","49735","","Panthera onca","species","46524","Late Pleistocene","Holocene","0.126","0","31526"
"841387","occ","","","93277","Panthera atrox","species","49733","recombined as","Panthera leo atrox","subspecies","46509","Late Pleistocene","","0.126","0.0117","31561"
"841899","occ","","","93372","Panthera (Jaguarius) augusta","species","161738","subjective synonym of","Panthera onca","species","46524","Pleistocene","","2.588","0.0117","31594"
"841900","occ","","","93373","Panthera (Jaguarius) augusta","species","161738","subjective synonym of","Panthera onca","species","46524","Pleistocene","","2.588","0.0117","31594"
"842448","occ","","","93521","Panthera tigris","species","90651","","Panthera tigris","species","104157","Early Pleistocene","","2.588","0.781","31625"
"842463","occ","","","93522","Panthera tigris","species","90651","","Panthera tigris","species","104157","Early Pleistocene","","2.588","0.781","31625"
"842482","occ","","","93523","Panthera tigris","species","90651","","Panthera tigris","species","104157","Late Pleistocene","","0.126","0.0117","31625"
"842496","occ","","","93524","Panthera tigris","species","90651","","Panthera tigris","species","104157","Late Pleistocene","","0.126","0.0117","31625"
"847925","occ","","","94328","Panthera leo","species","49734","","Panthera leo","species","46521","Early Pleistocene","Late Pleistocene","2.588","0.0117","32076"
"872909","occ","","","96782","Panthera leo","species","49734","","Panthera leo","species","46521","Late Pleistocene","","0.126","0.0117","33015"
"874999","occ","","","96973","Panthera pardus","species","72185","","Panthera pardus","species","104158","Holocene","","0.0117","0","33119"
"906503","occ","","","101897","Panthera tigris","species","90651","","Panthera tigris","species","104157","Late Pleistocene","","0.126","0.0117","34644"
"906591","occ","","","101899","Panthera tigris","species","90651","","Panthera tigris","species","104157","Late Pleistocene","","0.126","0.0117","34644"
"919163","occ","","","104033","Panthera atrox","species","49733","recombined as","Panthera leo atrox","subspecies","46509","Holocene","","0.0117","0","1461"
"919479","occ","","","74143","Panthera atrox","species","49733","recombined as","Panthera leo atrox","subspecies","46509","Pleistocene","","2.588","0.0117","1461"
"919495","occ","","","104680","Panthera atrox","species","49733","recombined as","Panthera leo atrox","subspecies","46509","Late Pleistocene","Holocene","0.126","0","1461"
"945341","occ","","","109703","Panthera leo","species","49734","","Panthera leo","species","46521","Late Pleistocene","","0.126","0.0117","36257"
"970678","occ","","","21709","Panthera leo","species","49734","","Panthera leo","species","46521","Late Pleistocene","","0.126","0.0117","37298"
"970767","occ","","","21711","Panthera leo","species","49734","","Panthera leo","species","46521","Pleistocene","Holocene","2.588","0","37298"
"970920","occ","","","115184","Panthera ? leo","species","49734","","Panthera leo","species","46521","Late Pleistocene","","0.126","0.0117","37303"
"971305","occ","","","21709","Felis leo","species","46521","recombined as","Panthera leo","species","46521","Late Pleistocene","","0.126","0.0117","37332"
"973719","occ","","","93828","""Panthera"" cf. leo","species","49734","","Panthera leo","species","46521","Late Pleistocene","","0.126","0.0117","37407"
"997983","occ","","","120834","Panthera cf. tigris","species","90651","","Panthera tigris","species","104157","Middle Pleistocene","","0.781","0.126","38591"
"1034203","occ","","","20302","Felis aff. atrox","species","46509","recombined as","Panthera leo atrox","subspecies","46509","Irvingtonian","","1.8","0.3","41080"
"1074878","occ","","","133644","Panthera onca","species","49735","","Panthera onca","species","46524","Pleistocene","","2.588","0.0117","43044"
"1087323","occ","","","136498","Panthera onca","species","49735","","Panthera onca","species","46524","Late Pleistocene","Holocene","0.126","0","43594"
"1087330","occ","","","71313","Panthera onca","species","49735","","Panthera onca","species","46524","Late Pleistocene","Holocene","0.126","0","43594"
"1089561","occ","","","92814","Panthera onca","species","49735","","Panthera onca","species","46524","Pleistocene","Holocene","2.588","0","43780"
"1106780","occ","","","115191","Panthera pardus","species","72185","","Panthera pardus","species","104158","Pleistocene","","2.588","0.0117","45190"
"1115209","occ","","","141367","Panthera onca","species","49735","","Panthera onca","species","46524","Late Pleistocene","","0.126","0.0117","45971"
"1139437","occ","","","144976","Felis atrox","species","46509","recombined as","Panthera leo atrox","subspecies","46509","Late Pleistocene","","0.126","0.0117","46836"
"1153831","occ","","","147609","Panthera onca","species","49735","","Panthera onca","species","46524","Pleistocene","Holocene","2.588","0","47532"
"1155903","occ","","","147815","Panthera aff. onca","species","49735","","Panthera onca","species","46524","Pleistocene","Holocene","2.588","0","47558"
"1179080","occ","","","145508","Panthera onca","species","49735","","Panthera onca","species","46524","Pleistocene","","2.588","0.0117","46859"
"1179856","occ","","","152009","Felis atrox","species","46509","recombined as","Panthera leo atrox","subspecies","46509","Rancholabrean","","0.3","0.012","48679"
"1181698","occ","","","152265","Panthera n. sp. blytheae","species","282559","","Panthera blytheae","species","282559","Late Miocene","Early Pliocene","11.608","3.6","48969"
"1181699","occ","","","152266","Panthera blytheae","species","282559","","Panthera blytheae","species","282559","Late Miocene","Early Pliocene","11.608","3.6","48969"
"1181700","occ","","","152267","Panthera blytheae","species","282559","","Panthera blytheae","species","282559","Late Miocene","Early Pliocene","11.608","3.6","48969"
"1196144","occ","","","154722","Panthera onca","species","49735","","Panthera onca","species","46524","Late Pleistocene","","0.126","0.0117","50316"
"1196145","occ","","","154722","Panthera atrox","species","49733","recombined as","Panthera leo atrox","subspecies","46509","Late Pleistocene","","0.126","0.0117","50316"
"1196403","occ","","","154771","Felis cf. veronis","species","46531","subjective synonym of","Panthera onca","species","46524","Late Pleistocene","","0.126","0.0117","50335"
"1196553","occ","","","74292","Panthera augusta","species","161738","subjective synonym of","Panthera onca","species","46524","Late Pleistocene","","0.126","0.0117","50339"
"1196893","occ","","","154804","Panthera onca","species","49735","","Panthera onca","species","46524","Late Pleistocene","","0.126","0.0117","50371"
"1196946","occ","","","154805","Felis onca","species","46524","recombined as","Panthera onca","species","46524","Late Pleistocene","","0.126","0.0117","2451"
"1201223","occ","","","155393","Panthera leo","species","49734","","Panthera leo","species","46521","Late Pleistocene","","0.126","0.0117","50713"
"1226562","occ","","","161194","Felis atrox","species","46509","recombined as","Panthera leo atrox","subspecies","46509","Pleistocene","","2.588","0.0117","52516"
"1350572","occ","","","183123","Panthera leo","species","49734","","Panthera leo","species","46521","Pleistocene","","2.588","0.0117","61122"
"1350750","occ","","","183152","Panthera pardus","species","72185","","Panthera pardus","species","104158","Early Pleistocene","","2.588","0.781","61133"
"1350751","occ","","","183152","cf. Panthera pardus","species","72185","","Panthera pardus","species","104158","Early Pleistocene","","2.588","0.781","61133"
